features,AUC,PR_AUC,F1,n_features
Handcrafted (99d),0.48073022312373226,0.4401573960369374,0.31999999999999995,99
BW-site (145d),0.7241379310344827,0.6092088421699436,0.5555555555555555,145
Combined (244d),0.515212981744422,0.41615822105589134,0.24,244
