comparison,AUC_random,AUC_noleak,delta_AUC,significance
Random vs Subfamily,0.7777777777777777,0.5253549695740365,0.2524228082037412,CI overlap (n.s.)
Random vs SeqCluster_0.3,0.7777777777777777,0.6942307692307692,0.08354700854700847,CI overlap (n.s.)
Random vs SeqCluster_0.4,0.7777777777777777,0.7698412698412698,0.007936507936507908,CI overlap (n.s.)
Random vs Subfamily,0.8015873015873016,0.5294117647058824,0.27217553688141927,CI overlap (n.s.)
Random vs SeqCluster_0.3,0.8015873015873016,0.65,0.1515873015873016,CI overlap (n.s.)
Random vs SeqCluster_0.4,0.8015873015873016,0.7757936507936508,0.025793650793650813,CI overlap (n.s.)
