category,n_features,mean_auc,std_auc
charge,58,0.6558980652353724,0.060100336746050836
hydrophobicity,29,0.5775657729807373,0.06018334850073308
aromaticity,29,0.5056122572097632,0.07195823909231143
gap_size,29,0.40153834427052304,0.1445115367042047
all_combined,145,0.6174827811577003,0.10008971805983008
