Metric,Random_Split,Subfamily_Split,Ratio
MMD,0.13470876595230374,0.23237210900958793,1.7249961972917471
Proxy A-distance,0.7826086956521743,1.026086956521739,1.3111111111111102
Mean KL divergence,0.02247537113726139,0.10008435696363449,4.453068042899055
Max KL divergence,0.36391541361808777,1.741762399673462,4.786173749434423
P(Gq|train),0.391304347826087,0.40217391304347827,1.0277777777777777
P(Gq|test),0.41304347826086957,0.3695652173913043,0.894736842105263
