threshold,mean_auc,std_auc,ci_lo,ci_hi,n_folds
0.2,0.7449401977165134,0.10349796369336688,0.6212475633528265,0.8813035714285713,5
0.3,0.8338169513510545,0.027864740663229384,0.7931003807559136,0.864375,5
0.4,0.8403998158631412,0.06184813515143499,0.7459863523573201,0.909389742103738,5
0.5,0.8396694971694973,0.07905260055136727,0.7171416083916085,0.9220238095238096,5
0.6,0.8385720377066889,0.05997903895862264,0.7482056451612904,0.9184976329713173,5
