BW_site,region,mean_abs_SHAP,is_FDR_sig
3.54,TM3,0.0005140025222407087,False
5.61,TM5,0.002603851078144776,False
3.50,TM3-DRY,0.0038277073478588377,False
6.32,TM6,0.0039566636132651505,False
5.65,TM5,0.004808661267352368,True
6.37,TM6,0.004902998257041659,False
8.47,H8,0.006720031880982993,False
5.67,TM5,0.008258408108395591,False
34.56,ICL2,0.009282697090123587,False
34.57,ICL2,0.009553825525533894,False
3.49,TM3,0.010122229880539218,False
6.36,TM6,0.010266465960348357,False
6.33,TM6,0.01159145442332391,False
34.50,ICL2,0.011724822471531386,True
3.55,TM3,0.011764416140750668,False
34.52,ICL2,0.013566821695729767,False
34.54,ICL2,0.014453370279481242,False
34.55,ICL2,0.017976072382099827,False
8.49,H8,0.018835198902441286,False
3.56,TM3,0.019893072441466608,False
5.68,TM5,0.020388503699602007,False
3.53,TM3,0.021350975627138283,True
3.51,TM3-DRY,0.022110292962779193,False
5.64,TM5,0.02240273966935218,False
5.69,TM5,0.023334990701879076,False
34.51,ICL2,0.028388337843653962,False
8.48,H8,0.03832115866337959,False
5.71,TM5,0.04240903159073423,True
34.53,ICL2,0.06381824522578279,True
